Subject,Technology Research Methods,32931,Science,Autumn,,
Lecture,1:30:00,10:00:00,Tuesday,,,
Class,Tutorial,2:00:00,14:00:00,Tuesday,CB10.11.403,Week 2 Onward
Class,Workshop,2:00:00,14:00:00,Tuesday,CB10.11.403,Week 3 Onward
Assignment,Quiz,13/10/2026,Week 6 & 7 Materials,,,
Assignment,Assignment,16/10/2026,GUI Coding Assignment,,,
Subject,Game Design Methodologies,31262,Game Development,Autumn,,
Lecture,1:30:00,10:00:00,Tuesday,,,
Class,Tutorial,2:00:00,14:00:00,Tuesday,CB10.11.403,Week 2 Onward
Class,Workshop,2:00:00,14:00:00,Tuesday,CB10.11.403,Week 3 Onward
Assignment,Quiz,13/10/2026,Week 6 & 7 Materials,,,
Assignment,Assignment,16/10/2026,GUI Coding Assignment,,,
Subject,Discrete Mathematics,37181,Mathematics,Autumn,,
Lecture,1:30:00,10:00:00,Tuesday,,,
Class,Tutorial,2:00:00,14:00:00,Tuesday,CB10.11.403,Week 2 Onward
Class,Workshop,2:00:00,14:00:00,Tuesday,CB10.11.403,Week 3 Onward
Assignment,Quiz,13/10/2026,Week 6 & 7 Materials,,,
Assignment,Assignment,16/10/2026,GUI Coding Assignment,,,
Subject,Prototyping Physical Interaction,42070,Interaction Design,Autumn,,
Lecture,1:30:00,10:00:00,Tuesday,,,
Class,Tutorial,2:00:00,14:00:00,Tuesday,CB10.11.403,Week 2 Onward
Class,Workshop,2:00:00,14:00:00,Tuesday,CB10.11.403,Week 3 Onward
Assignment,Quiz,13/10/2026,Week 6 & 7 Materials,,,
Assignment,Assignment,16/10/2026,GUI Coding Assignment,,,
